,accuracy,precision,recall,f1_score,auc,train_time,eval_time,model_size,patterns_stored
SVM,0.9766081871345029,0.9813084112149533,0.9813084112149533,0.9813084112149533,0.997517523364486,0.005660057067871094,0.0017628669738769531,4.57763671875e-05,
RandomForest,0.9473684210526315,0.9454545454545454,0.9719626168224299,0.9585253456221198,0.9920414719626168,0.06565690040588379,0.0038771629333496094,4.57763671875e-05,
PatternMemory,0.9532163742690059,0.9541284403669725,0.9719626168224299,0.9629629629629629,0.9929906542056075,0.00080108642578125,0.44298815727233887,4.57763671875e-05,398.0
HierarchicalPatternNetwork,0.9473684210526315,0.9537037037037037,0.9626168224299065,0.958139534883721,0.985251168224299,0.02361583709716797,0.8840301036834717,4.57763671875e-05,796.0
