,accuracy,precision,recall,f1_score,auc,train_time,eval_time,model_size,dataset,patterns_stored
SVM,0.9766081871345029,0.9813084112149533,0.9813084112149533,0.9813084112149533,0.997517523364486,0.005660057067871094,0.0017628669738769531,4.57763671875e-05,breast_cancer,
RandomForest,0.9473684210526315,0.9454545454545454,0.9719626168224299,0.9585253456221198,0.9920414719626168,0.06565690040588379,0.0038771629333496094,4.57763671875e-05,breast_cancer,
PatternMemory,0.9532163742690059,0.9541284403669725,0.9719626168224299,0.9629629629629629,0.9929906542056075,0.00080108642578125,0.44298815727233887,4.57763671875e-05,breast_cancer,398.0
HierarchicalPatternNetwork,0.9473684210526315,0.9537037037037037,0.9626168224299065,0.958139534883721,0.985251168224299,0.02361583709716797,0.8840301036834717,4.57763671875e-05,breast_cancer,796.0
SVM,0.7518796992481203,0.7391304347826086,0.7727272727272727,0.7555555555555555,0.8439620081411127,0.0059893131256103516,0.0017368793487548828,4.57763671875e-05,diabetes,
RandomForest,0.7593984962406015,0.7361111111111112,0.803030303030303,0.7681159420289855,0.8433966530981456,0.05285215377807617,0.004711151123046875,4.57763671875e-05,diabetes,
PatternMemory,0.7969924812030075,0.7910447761194029,0.803030303030303,0.7969924812030075,0.8507462686567164,0.0006392002105712891,0.2723667621612549,4.57763671875e-05,diabetes,309.0
HierarchicalPatternNetwork,0.7443609022556391,0.75,0.7272727272727273,0.7384615384615385,0.8236092265943011,0.007790088653564453,0.5288069248199463,4.57763671875e-05,diabetes,618.0
