,accuracy,precision,recall,f1_score,auc,train_time,eval_time,model_size,patterns_stored
SVM,0.7518796992481203,0.7391304347826086,0.7727272727272727,0.7555555555555555,0.8439620081411127,0.0059893131256103516,0.0017368793487548828,4.57763671875e-05,
RandomForest,0.7593984962406015,0.7361111111111112,0.803030303030303,0.7681159420289855,0.8433966530981456,0.05285215377807617,0.004711151123046875,4.57763671875e-05,
PatternMemory,0.7969924812030075,0.7910447761194029,0.803030303030303,0.7969924812030075,0.8507462686567164,0.0006392002105712891,0.2723667621612549,4.57763671875e-05,309.0
HierarchicalPatternNetwork,0.7443609022556391,0.75,0.7272727272727273,0.7384615384615385,0.8236092265943011,0.007790088653564453,0.5288069248199463,4.57763671875e-05,618.0
