Model,accuracy,precision,recall,f1_score,auc,train_time,inference_time
SVM,0.9766081871345029,0.9813084112149533,0.9813084112149533,0.9813084112149533,0.997517523364486,0.004462718963623047,0.0006232261657714844
RandomForest,0.935672514619883,0.9444444444444444,0.9532710280373832,0.9488372093023256,0.991311331775701,0.0653688907623291,0.0020411014556884766
PatternMemory,0.9532163742690059,0.9541284403669725,0.9719626168224299,0.9629629629629629,0.9929906542056075,0.0007729530334472656,0.4006950855255127
