Model,accuracy,precision,recall,f1_score,auc,train_time,inference_time
SVM,0.7518796992481203,0.7391304347826086,0.7727272727272727,0.7555555555555555,0.8439620081411127,0.005415201187133789,0.0008399486541748047
RandomForest,0.7894736842105263,0.7567567567567568,0.8484848484848485,0.8,0.857756671189507,0.0527040958404541,0.0022170543670654297
PatternMemory,0.7969924812030075,0.7910447761194029,0.803030303030303,0.7969924812030075,0.8509724106739032,0.0007097721099853516,0.24419212341308594
