,accuracy,precision,recall,f1_score,auc,train_time,eval_time,patterns_stored
SVM,0.9766081871345029,0.9813084112149533,0.9813084112149533,0.9813084112149533,0.997517523364486,0.007584095001220703,0.0020759105682373047,
PatternMemory,0.9532163742690059,0.9541284403669725,0.9719626168224299,0.9629629629629629,0.9929906542056075,0.0008368492126464844,0.4512619972229004,398.0
